{"assets/.DS_Store":["assets/.DS_Store"],"packages/cupertino_icons/assets/CupertinoIcons.ttf":["packages/cupertino_icons/assets/CupertinoIcons.ttf"],"assets/icons/about.svg":["assets/icons/about.svg"],"packages/country_list_pick/flags/ad.png":["packages/country_list_pick/flags/ad.png"],"packages/country_list_pick/flags/ae.png":["packages/country_list_pick/flags/ae.png"],"packages/country_list_pick/flags/af.png":["packages/country_list_pick/flags/af.png"],"packages/country_list_pick/flags/ag.png":["packages/country_list_pick/flags/ag.png"],"packages/country_list_pick/flags/ai.png":["packages/country_list_pick/flags/ai.png"],"packages/country_list_pick/flags/al.png":["packages/country_list_pick/flags/al.png"],"packages/country_list_pick/flags/am.png":["packages/country_list_pick/flags/am.png"],"packages/country_list_pick/flags/an.png":["packages/country_list_pick/flags/an.png"],"packages/country_list_pick/flags/ao.png":["packages/country_list_pick/flags/ao.png"],"packages/country_list_pick/flags/aq.png":["packages/country_list_pick/flags/aq.png"],"packages/country_list_pick/flags/ar.png":["packages/country_list_pick/flags/ar.png"],"assets/icons/article.svg":["assets/icons/article.svg"],"packages/country_list_pick/flags/as.png":["packages/country_list_pick/flags/as.png"],"packages/country_list_pick/flags/at.png":["packages/country_list_pick/flags/at.png"],"packages/country_list_pick/flags/au.png":["packages/country_list_pick/flags/au.png"],"assets/audios/audio-602.mp3":["assets/audios/audio-602.mp3"],"assets/audios/audio-603.mp3":["assets/audios/audio-603.mp3"],"assets/audios/audio-604.mp3":["assets/audios/audio-604.mp3"],"assets/audio.gif":["assets/audio.gif"],"assets/audio_wave.gif":["assets/audio_wave.gif"],"assets/audio_wave.jpg":["assets/audio_wave.jpg"],"packages/country_list_pick/flags/aw.png":["packages/country_list_pick/flags/aw.png"],"packages/country_list_pick/flags/ax.png":["packages/country_list_pick/flags/ax.png"],"packages/country_list_pick/flags/az.png":["packages/country_list_pick/flags/az.png"],"packages/country_list_pick/flags/ba.png":["packages/country_list_pick/flags/ba.png"],"assets/images/bar.png":["assets/images/bar.png"],"packages/country_list_pick/flags/bb.png":["packages/country_list_pick/flags/bb.png"],"packages/country_list_pick/flags/bd.png":["packages/country_list_pick/flags/bd.png"],"packages/country_list_pick/flags/be.png":["packages/country_list_pick/flags/be.png"],"assets/images/bet.jpeg":["assets/images/bet.jpeg"],"packages/country_list_pick/flags/bf.png":["packages/country_list_pick/flags/bf.png"],"packages/country_list_pick/flags/bg.png":["packages/country_list_pick/flags/bg.png"],"packages/country_list_pick/flags/bh.png":["packages/country_list_pick/flags/bh.png"],"packages/country_list_pick/flags/bi.png":["packages/country_list_pick/flags/bi.png"],"packages/country_list_pick/flags/bj.png":["packages/country_list_pick/flags/bj.png"],"packages/country_list_pick/flags/bl.png":["packages/country_list_pick/flags/bl.png"],"packages/country_list_pick/flags/bm.png":["packages/country_list_pick/flags/bm.png"],"packages/country_list_pick/flags/bn.png":["packages/country_list_pick/flags/bn.png"],"packages/country_list_pick/flags/bo.png":["packages/country_list_pick/flags/bo.png"],"assets/icons/bookmark.svg":["assets/icons/bookmark.svg"],"packages/country_list_pick/flags/bq.png":["packages/country_list_pick/flags/bq.png"],"packages/country_list_pick/flags/br.png":["packages/country_list_pick/flags/br.png"],"packages/country_list_pick/flags/bs.png":["packages/country_list_pick/flags/bs.png"],"packages/country_list_pick/flags/bt.png":["packages/country_list_pick/flags/bt.png"],"assets/bug_img.jpeg":["assets/bug_img.jpeg"],"packages/country_list_pick/flags/bv.png":["packages/country_list_pick/flags/bv.png"],"packages/country_list_pick/flags/bw.png":["packages/country_list_pick/flags/bw.png"],"packages/country_list_pick/flags/by.png":["packages/country_list_pick/flags/by.png"],"packages/country_list_pick/flags/bz.png":["packages/country_list_pick/flags/bz.png"],"packages/country_list_pick/flags/ca.png":["packages/country_list_pick/flags/ca.png"],"assets/icons/categories.svg":["assets/icons/categories.svg"],"packages/country_list_pick/flags/cc.png":["packages/country_list_pick/flags/cc.png"],"packages/country_list_pick/flags/cd.png":["packages/country_list_pick/flags/cd.png"],"packages/country_list_pick/flags/cf.png":["packages/country_list_pick/flags/cf.png"],"packages/country_list_pick/flags/cg.png":["packages/country_list_pick/flags/cg.png"],"packages/country_list_pick/flags/ch.png":["packages/country_list_pick/flags/ch.png"],"assets/chargeur.jpeg":["assets/chargeur.jpeg"],"packages/country_list_pick/flags/ci.png":["packages/country_list_pick/flags/ci.png"],"packages/country_list_pick/flags/ck.png":["packages/country_list_pick/flags/ck.png"],"packages/country_list_pick/flags/cl.png":["packages/country_list_pick/flags/cl.png"],"assets/icons/clear_cache.svg":["assets/icons/clear_cache.svg"],"packages/country_list_pick/flags/cm.png":["packages/country_list_pick/flags/cm.png"],"packages/country_list_pick/flags/cn.png":["packages/country_list_pick/flags/cn.png"],"packages/country_list_pick/flags/co.png":["packages/country_list_pick/flags/co.png"],"assets/config.json":["assets/config.json"],"packages/country_list_pick/flags/cr.png":["packages/country_list_pick/flags/cr.png"],"packages/country_list_pick/flags/cu.png":["packages/country_list_pick/flags/cu.png"],"packages/country_list_pick/flags/cv.png":["packages/country_list_pick/flags/cv.png"],"packages/country_list_pick/flags/cw.png":["packages/country_list_pick/flags/cw.png"],"packages/country_list_pick/flags/cx.png":["packages/country_list_pick/flags/cx.png"],"packages/country_list_pick/flags/cy.png":["packages/country_list_pick/flags/cy.png"],"packages/country_list_pick/flags/cz.png":["packages/country_list_pick/flags/cz.png"],"assets/icons/dark_mode.svg":["assets/icons/dark_mode.svg"],"assets/icons/data_saver.svg":["assets/icons/data_saver.svg"],"packages/country_list_pick/flags/de.png":["packages/country_list_pick/flags/de.png"],"packages/country_list_pick/flags/dj.png":["packages/country_list_pick/flags/dj.png"],"packages/country_list_pick/flags/dk.png":["packages/country_list_pick/flags/dk.png"],"packages/country_list_pick/flags/dm.png":["packages/country_list_pick/flags/dm.png"],"packages/country_list_pick/flags/do.png":["packages/country_list_pick/flags/do.png"],"assets/icons/done.svg":["assets/icons/done.svg"],"assets/icons/drawer.svg":["assets/icons/drawer.svg"],"packages/country_list_pick/flags/dz.png":["packages/country_list_pick/flags/dz.png"],"packages/country_list_pick/flags/ec.png":["packages/country_list_pick/flags/ec.png"],"packages/country_list_pick/flags/ee.png":["packages/country_list_pick/flags/ee.png"],"packages/country_list_pick/flags/eg.png":["packages/country_list_pick/flags/eg.png"],"packages/country_list_pick/flags/eh.png":["packages/country_list_pick/flags/eh.png"],"packages/country_list_pick/flags/er.png":["packages/country_list_pick/flags/er.png"],"packages/country_list_pick/flags/es.png":["packages/country_list_pick/flags/es.png"],"packages/country_list_pick/flags/et.png":["packages/country_list_pick/flags/et.png"],"packages/country_list_pick/flags/eu.png":["packages/country_list_pick/flags/eu.png"],"assets/icons/facebook.svg":["assets/icons/facebook.svg"],"packages/meedu_player/assets/icons/fast-forward.png":["packages/meedu_player/assets/icons/fast-forward.png"],"packages/country_list_pick/flags/fi.png":["packages/country_list_pick/flags/fi.png"],"packages/meedu_player/assets/icons/fit.png":["packages/meedu_player/assets/icons/fit.png"],"packages/country_list_pick/flags/fj.png":["packages/country_list_pick/flags/fj.png"],"packages/country_list_pick/flags/fk.png":["packages/country_list_pick/flags/fk.png"],"packages/country_list_pick/flags/fm.png":["packages/country_list_pick/flags/fm.png"],"packages/country_list_pick/flags/fo.png":["packages/country_list_pick/flags/fo.png"],"packages/country_list_pick/flags/fr.png":["packages/country_list_pick/flags/fr.png"],"packages/meedu_player/assets/icons/fullscreen.png":["packages/meedu_player/assets/icons/fullscreen.png"],"packages/country_list_pick/flags/ga.png":["packages/country_list_pick/flags/ga.png"],"packages/country_list_pick/flags/gb-eng.png":["packages/country_list_pick/flags/gb-eng.png"],"packages/country_list_pick/flags/gb-nir.png":["packages/country_list_pick/flags/gb-nir.png"],"packages/country_list_pick/flags/gb-sct.png":["packages/country_list_pick/flags/gb-sct.png"],"packages/country_list_pick/flags/gb-wls.png":["packages/country_list_pick/flags/gb-wls.png"],"packages/country_list_pick/flags/gb.png":["packages/country_list_pick/flags/gb.png"],"packages/country_list_pick/flags/gd.png":["packages/country_list_pick/flags/gd.png"],"packages/country_list_pick/flags/ge.png":["packages/country_list_pick/flags/ge.png"],"packages/country_list_pick/flags/gf.png":["packages/country_list_pick/flags/gf.png"],"packages/country_list_pick/flags/gg.png":["packages/country_list_pick/flags/gg.png"],"packages/country_list_pick/flags/gh.png":["packages/country_list_pick/flags/gh.png"],"packages/country_list_pick/flags/gi.png":["packages/country_list_pick/flags/gi.png"],"packages/country_list_pick/flags/gl.png":["packages/country_list_pick/flags/gl.png"],"packages/country_list_pick/flags/gm.png":["packages/country_list_pick/flags/gm.png"],"packages/country_list_pick/flags/gn.png":["packages/country_list_pick/flags/gn.png"],"assets/icons/google.svg":["assets/icons/google.svg"],"packages/country_list_pick/flags/gp.png":["packages/country_list_pick/flags/gp.png"],"packages/country_list_pick/flags/gq.png":["packages/country_list_pick/flags/gq.png"],"packages/country_list_pick/flags/gr.png":["packages/country_list_pick/flags/gr.png"],"assets/gifs/green_style.gif":["assets/gifs/green_style.gif"],"packages/country_list_pick/flags/gs.png":["packages/country_list_pick/flags/gs.png"],"packages/country_list_pick/flags/gt.png":["packages/country_list_pick/flags/gt.png"],"packages/country_list_pick/flags/gu.png":["packages/country_list_pick/flags/gu.png"],"packages/country_list_pick/flags/gw.png":["packages/country_list_pick/flags/gw.png"],"packages/country_list_pick/flags/gy.png":["packages/country_list_pick/flags/gy.png"],"assets/icons/help.svg":["assets/icons/help.svg"],"packages/country_list_pick/flags/hk.png":["packages/country_list_pick/flags/hk.png"],"packages/country_list_pick/flags/hm.png":["packages/country_list_pick/flags/hm.png"],"packages/country_list_pick/flags/hn.png":["packages/country_list_pick/flags/hn.png"],"assets/icons/home.svg":["assets/icons/home.svg"],"packages/country_list_pick/flags/hr.png":["packages/country_list_pick/flags/hr.png"],"packages/country_list_pick/flags/ht.png":["packages/country_list_pick/flags/ht.png"],"packages/country_list_pick/flags/hu.png":["packages/country_list_pick/flags/hu.png"],"assets/icons/icon_black.svg":["assets/icons/icon_black.svg"],"assets/icons/icon_player.png":["assets/icons/icon_player.png"],"assets/icons/icon_v.svg":["assets/icons/icon_v.svg"],"packages/country_list_pick/flags/id.png":["packages/country_list_pick/flags/id.png"],"packages/country_list_pick/flags/ie.png":["packages/country_list_pick/flags/ie.png"],"packages/country_list_pick/flags/il.png":["packages/country_list_pick/flags/il.png"],"packages/country_list_pick/flags/im.png":["packages/country_list_pick/flags/im.png"],"packages/country_list_pick/flags/in.png":["packages/country_list_pick/flags/in.png"],"assets/icons/insta.svg":["assets/icons/insta.svg"],"packages/country_list_pick/flags/io.png":["packages/country_list_pick/flags/io.png"],"packages/country_list_pick/flags/iq.png":["packages/country_list_pick/flags/iq.png"],"packages/country_list_pick/flags/ir.png":["packages/country_list_pick/flags/ir.png"],"packages/country_list_pick/flags/is.png":["packages/country_list_pick/flags/is.png"],"packages/country_list_pick/flags/it.png":["packages/country_list_pick/flags/it.png"],"packages/country_list_pick/flags/je.png":["packages/country_list_pick/flags/je.png"],"packages/country_list_pick/flags/jm.png":["packages/country_list_pick/flags/jm.png"],"packages/country_list_pick/flags/jo.png":["packages/country_list_pick/flags/jo.png"],"packages/country_list_pick/flags/jp.png":["packages/country_list_pick/flags/jp.png"],"packages/country_list_pick/flags/ke.png":["packages/country_list_pick/flags/ke.png"],"packages/country_list_pick/flags/kg.png":["packages/country_list_pick/flags/kg.png"],"packages/country_list_pick/flags/kh.png":["packages/country_list_pick/flags/kh.png"],"packages/country_list_pick/flags/ki.png":["packages/country_list_pick/flags/ki.png"],"packages/country_list_pick/flags/km.png":["packages/country_list_pick/flags/km.png"],"packages/country_list_pick/flags/kn.png":["packages/country_list_pick/flags/kn.png"],"packages/country_list_pick/flags/kp.png":["packages/country_list_pick/flags/kp.png"],"packages/country_list_pick/flags/kr.png":["packages/country_list_pick/flags/kr.png"],"packages/country_list_pick/flags/kw.png":["packages/country_list_pick/flags/kw.png"],"packages/country_list_pick/flags/ky.png":["packages/country_list_pick/flags/ky.png"],"packages/country_list_pick/flags/kz.png":["packages/country_list_pick/flags/kz.png"],"packages/country_list_pick/flags/la.png":["packages/country_list_pick/flags/la.png"],"assets/launcher.png":["assets/launcher.png"],"packages/country_list_pick/flags/lb.png":["packages/country_list_pick/flags/lb.png"],"packages/country_list_pick/flags/lc.png":["packages/country_list_pick/flags/lc.png"],"packages/country_list_pick/flags/li.png":["packages/country_list_pick/flags/li.png"],"assets/icons/link.svg":["assets/icons/link.svg"],"packages/country_list_pick/flags/lk.png":["packages/country_list_pick/flags/lk.png"],"packages/flutter_widget_from_html_core/test/images/logo.png":["packages/flutter_widget_from_html_core/test/images/logo.png"],"packages/flutter_widget_from_html/test/images/logo.svg":["packages/flutter_widget_from_html/test/images/logo.svg"],"assets/images/logo_fb.jpg":["assets/images/logo_fb.jpg"],"assets/images/logo_fb.png":["assets/images/logo_fb.png"],"assets/images/logo_gg.png":["assets/images/logo_gg.png"],"assets/images/logo_gm.jpg":["assets/images/logo_gm.jpg"],"assets/images/logo_gm.png":["assets/images/logo_gm.png"],"assets/images/logo_wiwsport-blanc.png":["assets/images/logo_wiwsport-blanc.png"],"assets/images/logo_wiwsport.png":["assets/images/logo_wiwsport.png"],"packages/country_list_pick/flags/lr.png":["packages/country_list_pick/flags/lr.png"],"packages/country_list_pick/flags/ls.png":["packages/country_list_pick/flags/ls.png"],"packages/country_list_pick/flags/lt.png":["packages/country_list_pick/flags/lt.png"],"packages/country_list_pick/flags/lu.png":["packages/country_list_pick/flags/lu.png"],"packages/country_list_pick/flags/lv.png":["packages/country_list_pick/flags/lv.png"],"packages/country_list_pick/flags/ly.png":["packages/country_list_pick/flags/ly.png"],"packages/country_list_pick/flags/ma.png":["packages/country_list_pick/flags/ma.png"],"packages/country_list_pick/flags/mc.png":["packages/country_list_pick/flags/mc.png"],"packages/country_list_pick/flags/md.png":["packages/country_list_pick/flags/md.png"],"packages/country_list_pick/flags/me.png":["packages/country_list_pick/flags/me.png"],"packages/country_list_pick/flags/mf.png":["packages/country_list_pick/flags/mf.png"],"packages/country_list_pick/flags/mg.png":["packages/country_list_pick/flags/mg.png"],"packages/country_list_pick/flags/mh.png":["packages/country_list_pick/flags/mh.png"],"packages/meedu_player/assets/icons/minimize.png":["packages/meedu_player/assets/icons/minimize.png"],"packages/country_list_pick/flags/mk.png":["packages/country_list_pick/flags/mk.png"],"packages/country_list_pick/flags/ml.png":["packages/country_list_pick/flags/ml.png"],"packages/country_list_pick/flags/mm.png":["packages/country_list_pick/flags/mm.png"],"packages/country_list_pick/flags/mn.png":["packages/country_list_pick/flags/mn.png"],"packages/country_list_pick/flags/mo.png":["packages/country_list_pick/flags/mo.png"],"packages/country_list_pick/flags/mp.png":["packages/country_list_pick/flags/mp.png"],"packages/country_list_pick/flags/mq.png":["packages/country_list_pick/flags/mq.png"],"packages/country_list_pick/flags/mr.png":["packages/country_list_pick/flags/mr.png"],"packages/country_list_pick/flags/ms.png":["packages/country_list_pick/flags/ms.png"],"packages/country_list_pick/flags/mt.png":["packages/country_list_pick/flags/mt.png"],"packages/country_list_pick/flags/mu.png":["packages/country_list_pick/flags/mu.png"],"packages/meedu_player/assets/icons/mute.png":["packages/meedu_player/assets/icons/mute.png"],"packages/country_list_pick/flags/mv.png":["packages/country_list_pick/flags/mv.png"],"packages/country_list_pick/flags/mw.png":["packages/country_list_pick/flags/mw.png"],"packages/country_list_pick/flags/mx.png":["packages/country_list_pick/flags/mx.png"],"packages/country_list_pick/flags/my.png":["packages/country_list_pick/flags/my.png"],"packages/country_list_pick/flags/mz.png":["packages/country_list_pick/flags/mz.png"],"packages/country_list_pick/flags/na.png":["packages/country_list_pick/flags/na.png"],"packages/country_list_pick/flags/nc.png":["packages/country_list_pick/flags/nc.png"],"packages/country_list_pick/flags/ne.png":["packages/country_list_pick/flags/ne.png"],"packages/country_list_pick/flags/nf.png":["packages/country_list_pick/flags/nf.png"],"packages/country_list_pick/flags/ng.png":["packages/country_list_pick/flags/ng.png"],"packages/country_list_pick/flags/ni.png":["packages/country_list_pick/flags/ni.png"],"packages/country_list_pick/flags/nl.png":["packages/country_list_pick/flags/nl.png"],"packages/country_list_pick/flags/no.png":["packages/country_list_pick/flags/no.png"],"packages/wakelock_web/assets/no_sleep.js":["packages/wakelock_web/assets/no_sleep.js"],"packages/country_list_pick/flags/np.png":["packages/country_list_pick/flags/np.png"],"packages/country_list_pick/flags/nr.png":["packages/country_list_pick/flags/nr.png"],"packages/country_list_pick/flags/nu.png":["packages/country_list_pick/flags/nu.png"],"packages/country_list_pick/flags/nz.png":["packages/country_list_pick/flags/nz.png"],"assets/icons/obscurePassword.svg":["assets/icons/obscurePassword.svg"],"packages/country_list_pick/flags/om.png":["packages/country_list_pick/flags/om.png"],"packages/country_list_pick/flags/pa.png":["packages/country_list_pick/flags/pa.png"],"assets/icons/partager.svg":["assets/icons/partager.svg"],"packages/meedu_player/assets/icons/pause.png":["packages/meedu_player/assets/icons/pause.png"],"packages/country_list_pick/flags/pe.png":["packages/country_list_pick/flags/pe.png"],"assets/images/person.png":["assets/images/person.png"],"packages/country_list_pick/flags/pf.png":["packages/country_list_pick/flags/pf.png"],"packages/country_list_pick/flags/pg.png":["packages/country_list_pick/flags/pg.png"],"packages/country_list_pick/flags/ph.png":["packages/country_list_pick/flags/ph.png"],"packages/meedu_player/assets/icons/picture-in-picture.png":["packages/meedu_player/assets/icons/picture-in-picture.png"],"assets/icons/pint.svg":["assets/icons/pint.svg"],"packages/country_list_pick/flags/pk.png":["packages/country_list_pick/flags/pk.png"],"packages/country_list_pick/flags/pl.png":["packages/country_list_pick/flags/pl.png"],"packages/meedu_player/assets/icons/play.png":["packages/meedu_player/assets/icons/play.png"],"assets/playerYt.svg":["assets/playerYt.svg"],"packages/country_list_pick/flags/pm.png":["packages/country_list_pick/flags/pm.png"],"packages/country_list_pick/flags/pn.png":["packages/country_list_pick/flags/pn.png"],"packages/country_list_pick/flags/pr.png":["packages/country_list_pick/flags/pr.png"],"packages/country_list_pick/flags/ps.png":["packages/country_list_pick/flags/ps.png"],"packages/country_list_pick/flags/pt.png":["packages/country_list_pick/flags/pt.png"],"packages/country_list_pick/flags/pw.png":["packages/country_list_pick/flags/pw.png"],"packages/country_list_pick/flags/py.png":["packages/country_list_pick/flags/py.png"],"packages/country_list_pick/flags/qa.png":["packages/country_list_pick/flags/qa.png"],"assets/icons/rate.svg":["assets/icons/rate.svg"],"packages/country_list_pick/flags/re.png":["packages/country_list_pick/flags/re.png"],"assets/gifs/reloading.gif":["assets/gifs/reloading.gif"],"assets/reloading.gif":["assets/reloading.gif","assets/gifs/reloading.gif"],"packages/meedu_player/assets/icons/repeat.png":["packages/meedu_player/assets/icons/repeat.png"],"packages/meedu_player/assets/icons/rewind.png":["packages/meedu_player/assets/icons/rewind.png"],"packages/country_list_pick/flags/ro.png":["packages/country_list_pick/flags/ro.png"],"packages/country_list_pick/flags/rs.png":["packages/country_list_pick/flags/rs.png"],"packages/country_list_pick/flags/ru.png":["packages/country_list_pick/flags/ru.png"],"packages/country_list_pick/flags/rw.png":["packages/country_list_pick/flags/rw.png"],"packages/country_list_pick/flags/sa.png":["packages/country_list_pick/flags/sa.png"],"packages/country_list_pick/flags/sb.png":["packages/country_list_pick/flags/sb.png"],"packages/country_list_pick/flags/sc.png":["packages/country_list_pick/flags/sc.png"],"packages/country_list_pick/flags/sd.png":["packages/country_list_pick/flags/sd.png"],"packages/country_list_pick/flags/se.png":["packages/country_list_pick/flags/se.png"],"assets/icons/search.svg":["assets/icons/search.svg"],"assets/icons/search_cancel.svg":["assets/icons/search_cancel.svg"],"packages/country_list_pick/flags/sg.png":["packages/country_list_pick/flags/sg.png"],"packages/country_list_pick/flags/sh.png":["packages/country_list_pick/flags/sh.png"],"assets/icons/share.svg":["assets/icons/share.svg"],"assets/icons/showPassword.svg":["assets/icons/showPassword.svg"],"packages/country_list_pick/flags/si.png":["packages/country_list_pick/flags/si.png"],"assets/icons/site.jpeg":["assets/icons/site.jpeg"],"assets/images/site.jpg":["assets/images/site.jpg"],"assets/images/site.png":["assets/images/site.png"],"assets/icons/site.svg":["assets/icons/site.svg"],"packages/country_list_pick/flags/sj.png":["packages/country_list_pick/flags/sj.png"],"packages/country_list_pick/flags/sk.png":["packages/country_list_pick/flags/sk.png"],"packages/country_list_pick/flags/sl.png":["packages/country_list_pick/flags/sl.png"],"packages/country_list_pick/flags/sm.png":["packages/country_list_pick/flags/sm.png"],"assets/icons/smile.svg":["assets/icons/smile.svg"],"packages/country_list_pick/flags/sn.png":["packages/country_list_pick/flags/sn.png"],"packages/country_list_pick/flags/so.png":["packages/country_list_pick/flags/so.png"],"packages/meedu_player/assets/icons/sound.png":["packages/meedu_player/assets/icons/sound.png"],"packages/youtube_player_flutter/assets/speedometer.webp":["packages/youtube_player_flutter/assets/speedometer.webp"],"assets/images/sqare.png":["assets/images/sqare.png"],"packages/country_list_pick/flags/sr.png":["packages/country_list_pick/flags/sr.png"],"packages/country_list_pick/flags/ss.png":["packages/country_list_pick/flags/ss.png"],"packages/country_list_pick/flags/st.png":["packages/country_list_pick/flags/st.png"],"assets/icons/support.svg":["assets/icons/support.svg"],"packages/country_list_pick/flags/sv.png":["packages/country_list_pick/flags/sv.png"],"packages/country_list_pick/flags/sx.png":["packages/country_list_pick/flags/sx.png"],"packages/country_list_pick/flags/sy.png":["packages/country_list_pick/flags/sy.png"],"packages/country_list_pick/flags/sz.png":["packages/country_list_pick/flags/sz.png"],"packages/flutter_inappwebview/t_rex_runner/t-rex.css":["packages/flutter_inappwebview/t_rex_runner/t-rex.css"],"packages/flutter_inappwebview/t_rex_runner/t-rex.html":["packages/flutter_inappwebview/t_rex_runner/t-rex.html"],"packages/country_list_pick/flags/tc.png":["packages/country_list_pick/flags/tc.png"],"packages/country_list_pick/flags/td.png":["packages/country_list_pick/flags/td.png"],"packages/country_list_pick/flags/tf.png":["packages/country_list_pick/flags/tf.png"],"packages/country_list_pick/flags/tg.png":["packages/country_list_pick/flags/tg.png"],"packages/country_list_pick/flags/th.png":["packages/country_list_pick/flags/th.png"],"packages/country_list_pick/flags/tj.png":["packages/country_list_pick/flags/tj.png"],"packages/country_list_pick/flags/tk.png":["packages/country_list_pick/flags/tk.png"],"packages/country_list_pick/flags/tl.png":["packages/country_list_pick/flags/tl.png"],"packages/country_list_pick/flags/tm.png":["packages/country_list_pick/flags/tm.png"],"packages/country_list_pick/flags/tn.png":["packages/country_list_pick/flags/tn.png"],"packages/country_list_pick/flags/to.png":["packages/country_list_pick/flags/to.png"],"packages/country_list_pick/flags/tr.png":["packages/country_list_pick/flags/tr.png"],"packages/country_list_pick/flags/tt.png":["packages/country_list_pick/flags/tt.png"],"packages/country_list_pick/flags/tv.png":["packages/country_list_pick/flags/tv.png"],"assets/icons/tv.svg":["assets/icons/tv.svg"],"packages/country_list_pick/flags/tw.png":["packages/country_list_pick/flags/tw.png"],"assets/images/twitter.png":["assets/images/twitter.png"],"assets/icons/twitter.png":["assets/icons/twitter.png"],"assets/icons/twittor.png":["assets/icons/twittor.png"],"assets/icons/twittor.svg":["assets/icons/twittor.svg"],"packages/country_list_pick/flags/tz.png":["packages/country_list_pick/flags/tz.png"],"packages/country_list_pick/flags/ua.png":["packages/country_list_pick/flags/ua.png"],"packages/country_list_pick/flags/ug.png":["packages/country_list_pick/flags/ug.png"],"packages/country_list_pick/flags/um.png":["packages/country_list_pick/flags/um.png"],"assets/images/upload.png":["assets/images/upload.png"],"packages/country_list_pick/flags/us.png":["packages/country_list_pick/flags/us.png"],"packages/country_list_pick/flags/uy.png":["packages/country_list_pick/flags/uy.png"],"packages/country_list_pick/flags/uz.png":["packages/country_list_pick/flags/uz.png"],"packages/country_list_pick/flags/va.png":["packages/country_list_pick/flags/va.png"],"packages/country_list_pick/flags/vc.png":["packages/country_list_pick/flags/vc.png"],"packages/country_list_pick/flags/ve.png":["packages/country_list_pick/flags/ve.png"],"packages/country_list_pick/flags/vg.png":["packages/country_list_pick/flags/vg.png"],"packages/country_list_pick/flags/vi.png":["packages/country_list_pick/flags/vi.png"],"assets/video.jpg":["assets/video.jpg"],"assets/video_twitter.png":["assets/video_twitter.png"],"assets/icons/vip.svg":["assets/icons/vip.svg"],"assets/icons/vivi.svg":["assets/icons/vivi.svg"],"packages/country_list_pick/flags/vn.png":["packages/country_list_pick/flags/vn.png"],"packages/country_list_pick/flags/vu.png":["packages/country_list_pick/flags/vu.png"],"packages/country_list_pick/flags/wf.png":["packages/country_list_pick/flags/wf.png"],"packages/country_list_pick/flags/ws.png":["packages/country_list_pick/flags/ws.png"],"packages/country_list_pick/flags/xk.png":["packages/country_list_pick/flags/xk.png"],"packages/country_list_pick/flags/ye.png":["packages/country_list_pick/flags/ye.png"],"assets/icons/youtube.svg":["assets/icons/youtube.svg"],"packages/country_list_pick/flags/yt.png":["packages/country_list_pick/flags/yt.png"],"packages/country_list_pick/flags/za.png":["packages/country_list_pick/flags/za.png"],"packages/country_list_pick/flags/zm.png":["packages/country_list_pick/flags/zm.png"],"packages/country_list_pick/flags/zw.png":["packages/country_list_pick/flags/zw.png"]}